id,item_group_id,title,description,availability,condition,price,sale_price,link,image_link,brand,product_type,custom_label_0,custom_label_1
29259,29206,Inodoro Inteligente Elisya – Descarga Automática y Aromaterapia,El inodoro inteligente Elisya combina comodidad y tecnología con un bidet incorporado y asiento calefaccionado. Cuenta con un diseño único con luz LED que rodea toda su tapa. Su material de cerámica de alta calidad aseguran durabilidad y estilo en cualquier baño.,in stock,new,1443750.00 ARS,1155000.00 ARS,https://euromaglia.com.ar/product/inodoro-inteligente-descarga-automatica-y-bidet-incorporado-mod-elisya/?attribute_pa_color=blanco&utm_source=facebook&utm_medium=paid_social&utm_campaign=catalogo_brandeado,https://scalelabs-ar.github.io/euromaglia-catalogo-img/img/ae3c3f05b1b6632c.jpg,Euromaglia,Home > Inodoros,inodoros,inodoros
29257,28095,"Inodoro Inteligente Lambo Elite – El Más Completo – UV, Espuma 360° y Bidet Delantero","El inodoro inteligente Lambo Elite es el modelo más completo de Euromaglia. Incluye esterilización UV, escudo de espuma 360°, bidet delantero femenino, masajeador en el asiento y control por voz. La experiencia más avanzada para tu baño.",out of stock,new,2619731.00 ARS,2095785.00 ARS,https://euromaglia.com.ar/product/inodoro-inteligente-nova-elite-bidet-incorporado-y-aromaterapia/?attribute_pa_color=blanco&utm_source=facebook&utm_medium=paid_social&utm_campaign=catalogo_brandeado,https://scalelabs-ar.github.io/euromaglia-catalogo-img/img/ca701f93e52da8cf.jpg,Euromaglia,Home > Inodoros,inodoros,inodoros
29258,29218,Inodoro Inteligente Lambo High – Botonera Lateral y LED Multicolor,"El inodoro inteligente Lambo High combina descarga automática, bidet incorporado y botonera lateral física para mayor comodidad. Asiento calefaccionado, aromaterapia y LED multicolor incluidos. Sin obra — solo 220V y agua fría.",in stock,new,2296875.00 ARS,1837500.00 ARS,https://euromaglia.com.ar/product/inodoro-inteligente-descarga-automatica-y-bidet-incorporado-lambo-high/?attribute_pa_color=blanco&utm_source=facebook&utm_medium=paid_social&utm_campaign=catalogo_brandeado,https://scalelabs-ar.github.io/euromaglia-catalogo-img/img/5bb85140e554a6d3.jpg,Euromaglia,Home > Inodoros,inodoros,inodoros
30893,30892,Inodoro Inteligente Negro TB602 – Bidet Incorporado y Control Remoto,"Precio Congelado – Preventa Activa Abonando ahora asegurás el precio actual antes del reingreso de stock. La entrega estimada es de 90 días corridos desde la confirmación del pago. El inodoro inteligente TB602 combina bidet incorporado, asiento calefaccionado y control remoto inalámbrico en un solo equipo. No requiere agua caliente ni obra — solo tomacorriente 220V y entrada de agua fría. Envío gratis a todo el país.",out of stock,new,1207500.00 ARS,,https://euromaglia.com.ar/product/inodoro-inteligente-negro-tb602-bidet-incorporado-y-control-remoto/?attribute_pa_color=negro&utm_source=facebook&utm_medium=paid_social&utm_campaign=catalogo_brandeado,https://scalelabs-ar.github.io/euromaglia-catalogo-img/img/e10bb69ed07afd4b.jpg,Euromaglia,Home > Inodoros,inodoros,inodoros
29261,29194,"Inodoro Inteligente Sterion – Bidet, Aromaterapia y LED Multicolor","El inodoro inteligente Sterion combina bidet incorporado, aromaterapia y LED multicolor con cambio de colores. Asiento calefaccionado, asiento antibacterias y batería de emergencia incluidos. Sin obra — solo 220V y agua fría.",in stock,new,1771875.00 ARS,1417500.00 ARS,https://euromaglia.com.ar/product/inodoro-inteligente-bidet-incorporado-y-aromaterapia-sterion/?attribute_pa_color=blanco&utm_source=facebook&utm_medium=paid_social&utm_campaign=catalogo_brandeado,https://scalelabs-ar.github.io/euromaglia-catalogo-img/img/49a133dbc69d01d0.jpg,Euromaglia,Home > Inodoros,inodoros,inodoros
28869,201,Inodoro Inteligente TA06 – El Más Vendido con Bidet Incorporado,"El inodoro inteligente TA06 incluye esterilización UV, escudo de espuma, aromaterapia y luz infrarroja en un diseño compacto y moderno. Bidet incorporado con ajuste de presión y temperatura. Sin obra — solo 220V y agua fría.",in stock,new,1968750.00 ARS,1575000.00 ARS,https://euromaglia.com.ar/product/inodoro-inteligente-bidet-incorporado-ta06/?attribute_pa_color=blanco&utm_source=facebook&utm_medium=paid_social&utm_campaign=catalogo_brandeado,https://scalelabs-ar.github.io/euromaglia-catalogo-img/img/7bada5c120327006.jpg,Euromaglia,Home > Inodoros,inodoros,inodoros
28866,27782,Inodoro Inteligente TB602 – Bidet Incorporado y Control Remoto,• Bidet incorporado con boquilla retráctil de agua tibia y presión regulable. • Asiento calefaccionado con temperatura ajustable para máximo confort. • Secado por aire caliente y descarga automática con sensor de pie. • Incluye control remoto inalámbrico y soporte de pared. • Garantía oficial Euromaglia y repuestos en Argentina. • Hasta 6 cuotas sin interés o 10% OFF pagando con Transferencia. • Envío gratis a todo el país o retiro inmediato en Deposito.,in stock,new,850000.00 ARS,,https://euromaglia.com.ar/product/inodoro-inteligente-control-remoto-y-bidet-incorporado-602/?attribute_pa_color=blanco&utm_source=facebook&utm_medium=paid_social&utm_campaign=catalogo_brandeado,https://scalelabs-ar.github.io/euromaglia-catalogo-img/img/df9d51da01387f9c.jpg,Euromaglia,Home > Inodoros,inodoros,inodoros
29255,28794,Bacha 60×45 – Acero Inoxidable 201 – Color Negro,"Bacha de cocina en acero inoxidable 201 de alta calidad y excelente terminación. Combina durabilidad , funcionalidad y diseño moderno, mejorando la estética de cualquier cocina o lavadero.",in stock,new,225000.00 ARS,180000.00 ARS,https://euromaglia.com.ar/product/bacha-60x45-acero-inoxidable-negro-oferta-imperdible/?attribute_pa_color=negro&utm_source=facebook&utm_medium=paid_social&utm_campaign=catalogo_brandeado,https://scalelabs-ar.github.io/euromaglia-catalogo-img/img/3436d10044b04a27.jpg,Euromaglia,Home > Todos los productos,resto,envio_gratis
29638,28789,Bacha 60×45 – Acero Inoxidable 201 – Color plateado,"Bacha de cocina fabricada en acero inoxidable 201, alta calidad y excelente terminación. Combina durabilidad, funcionalidad y un diseño moderno que eleva el confort y la estética de cualquier cocina o lavadero.",in stock,new,225000.00 ARS,180000.00 ARS,https://euromaglia.com.ar/product/bacha-de-cocina-60x45-acero-inoxidable-201-euromaglia/?attribute_pa_color=plateado&utm_source=facebook&utm_medium=paid_social&utm_campaign=catalogo_brandeado,https://scalelabs-ar.github.io/euromaglia-catalogo-img/img/51ea5df212df724c.jpg,Euromaglia,Home > Todos los productos,resto,envio_gratis
29250,29235,Bacha 75×45 – Acero Inoxidable 304 – Color Negro,"Bacha de cocina fabricada en acero inoxidable 304, alta calidad y excelente terminación. Combina durabilidad, funcionalidad y un diseño moderno que eleva el confort y la estética de cualquier cocina o lavadero. Incluye tres accesorios. (Canasto escurridor para verduras, bandeja y tabla de acero inoxidable 201)",in stock,new,350000.00 ARS,280000.00 ARS,https://euromaglia.com.ar/product/bacha-75x45-acero-inoxidable-304-gris-grafito/?attribute_pa_color=gris-anodizado&utm_source=facebook&utm_medium=paid_social&utm_campaign=catalogo_brandeado,https://scalelabs-ar.github.io/euromaglia-catalogo-img/img/d39a0d2cb616a233.jpg,Euromaglia,Home > Todos los productos,resto,envio_gratis
29256,28800,Bacha 75×45 – Acero Inoxidable 304 – Color Plateado,"Bacha de cocina inteligente con multifunción en acero inoxidable 304 , brindando durabilidad , funcionalidad y diseño moderno. Ideal para realzar la estética y confort de cualquier cocina o lavadero. Incluye tres accesorios. (Canasto escurridor para verduras, bandeja y tabla de acero inoxidable 201)",in stock,new,350000.00 ARS,280000.00 ARS,https://euromaglia.com.ar/product/bacha-cocina-acero-inoxidable-304-oferta-especial/?attribute_pa_color=plateado&utm_source=facebook&utm_medium=paid_social&utm_campaign=catalogo_brandeado,https://scalelabs-ar.github.io/euromaglia-catalogo-img/img/a493a5a73bc70ae5.jpg,Euromaglia,Home > Todos los productos,resto,envio_gratis
28556,27764,Bacha De Cocina Inteligente Acero Inoxidable 304 FS-T-750 – Gris Anodizado,"Bacha de cocina inteligente multifunción fabricada en acero inoxidable 304 de alta calidad. Combina durabilidad, funcionalidad y diseño moderno, elevando el confort y la estética de cualquier cocina o lavadero. Incluye grifería y tres accesorios. (Canasto escurridor para verduras, bandeja y tabla de acero inoxidable 201)",in stock,new,500000.00 ARS,400000.00 ARS,https://euromaglia.com.ar/product/bacha-cocina-acero-inoxidable304-nanotecnologia-inteligente-lluvias-regulables/?attribute_pa_color=gris-anodizado&utm_source=facebook&utm_medium=paid_social&utm_campaign=catalogo_brandeado,https://scalelabs-ar.github.io/euromaglia-catalogo-img/img/c07ec5395a7a9337.jpg,Euromaglia,Home > Todos los productos,resto,envio_gratis
29793,27764,Bacha De Cocina Inteligente Acero Inoxidable 304 FS-T-750 – Plateado,"Bacha de cocina inteligente multifunción fabricada en acero inoxidable 304 de alta calidad. Combina durabilidad, funcionalidad y diseño moderno, elevando el confort y la estética de cualquier cocina o lavadero. Incluye grifería y tres accesorios. (Canasto escurridor para verduras, bandeja y tabla de acero inoxidable 201)",in stock,new,500000.00 ARS,400000.00 ARS,https://euromaglia.com.ar/product/bacha-cocina-acero-inoxidable304-nanotecnologia-inteligente-lluvias-regulables/?attribute_pa_color=plateado&utm_source=facebook&utm_medium=paid_social&utm_campaign=catalogo_brandeado,https://scalelabs-ar.github.io/euromaglia-catalogo-img/img/89b21d900eb7224e.jpg,Euromaglia,Home > Todos los productos,resto,envio_gratis
28557,27765,Bacha De Cocina Inteligente Acero Inoxidable 304 FS-T-800 – Gris Anodizado,"Bacha de cocina inteligente multifunción en acero inoxidable 304 de alta calidad. Combina durabilidad , funcionalidad y diseño moderno, elevando la estética y confort de cualquier cocina o lavadero. Incluye grifería y tres accesorios. (Canasto escurridor para verduras, bandeja y tabla de acero inoxidable 201)",in stock,new,550000.00 ARS,440000.00 ARS,https://euromaglia.com.ar/product/bacha-cocina-acero-inoxidable304-nanotecnologia-inteligente-lluvias-regulables-2/?attribute_pa_color=gris-anodizado&utm_source=facebook&utm_medium=paid_social&utm_campaign=catalogo_brandeado,https://scalelabs-ar.github.io/euromaglia-catalogo-img/img/c07ec5395a7a9337.jpg,Euromaglia,Home > Todos los productos,resto,envio_gratis
29794,27765,Bacha De Cocina Inteligente Acero Inoxidable 304 FS-T-800 – Plateado,"Bacha de cocina inteligente multifunción en acero inoxidable 304 de alta calidad. Combina durabilidad , funcionalidad y diseño moderno, elevando la estética y confort de cualquier cocina o lavadero. Incluye grifería y tres accesorios. (Canasto escurridor para verduras, bandeja y tabla de acero inoxidable 201)",in stock,new,550000.00 ARS,440000.00 ARS,https://euromaglia.com.ar/product/bacha-cocina-acero-inoxidable304-nanotecnologia-inteligente-lluvias-regulables-2/?attribute_pa_color=plateado&utm_source=facebook&utm_medium=paid_social&utm_campaign=catalogo_brandeado,https://scalelabs-ar.github.io/euromaglia-catalogo-img/img/89b21d900eb7224e.jpg,Euromaglia,Home > Todos los productos,resto,envio_gratis
28554,27762,Bacha de Cocina Inteligente en Acero Inoxidable 304 con Nanotecnologia FS-P-750 – Gris Anodizado,"Bacha de cocina inteligente multifunción fabricada en acero inoxidable 304 de alta calidad y excelente terminación. Combina durabilidad, funcionalidad y un diseño moderno que eleva el confort y la estética de cualquier cocina o lavadero. Incluye grifería y tres accesorios. (Canasto escurridor para verduras, bandeja y tabla de acero inoxidable 201)",in stock,new,475000.00 ARS,380000.00 ARS,https://euromaglia.com.ar/product/bacha-cocina-acero-inoxidable304-nanotecnologia-inteligente/?attribute_pa_color=gris-anodizado&utm_source=facebook&utm_medium=paid_social&utm_campaign=catalogo_brandeado,https://scalelabs-ar.github.io/euromaglia-catalogo-img/img/41c4bdda7dc04ec4.jpg,Euromaglia,Home > Todos los productos,resto,envio_gratis
29796,27762,Bacha de Cocina Inteligente en Acero Inoxidable 304 con Nanotecnologia FS-P-750 – Plateado,"Bacha de cocina inteligente multifunción fabricada en acero inoxidable 304 de alta calidad y excelente terminación. Combina durabilidad, funcionalidad y un diseño moderno que eleva el confort y la estética de cualquier cocina o lavadero. Incluye grifería y tres accesorios. (Canasto escurridor para verduras, bandeja y tabla de acero inoxidable 201)",in stock,new,475000.00 ARS,380000.00 ARS,https://euromaglia.com.ar/product/bacha-cocina-acero-inoxidable304-nanotecnologia-inteligente/?attribute_pa_color=plateado&utm_source=facebook&utm_medium=paid_social&utm_campaign=catalogo_brandeado,https://scalelabs-ar.github.io/euromaglia-catalogo-img/img/41c4bdda7dc04ec4.jpg,Euromaglia,Home > Todos los productos,resto,envio_gratis
28555,27763,Bacha de Cocina Inteligente en Acero Inoxidable 304 con Nanotecnología 80×45 FS-P-800 – Gris Anodizado,"Bacha de cocina inteligente multifunción fabricada en acero inoxidable 304 de alta calidad y excelente terminación. Combina durabilidad, funcionalidad y un diseño moderno que eleva el confort y la estética de cualquier cocina o lavadero. Incluye grifería y tres accesorios. (Canasto escurridor para verduras, bandeja y tabla de madera)",in stock,new,525000.00 ARS,420000.00 ARS,https://euromaglia.com.ar/product/bacha-cocina-acero-inoxidable304-nanotecnologia-inteligente-80x45/?attribute_pa_color=gris-anodizado&utm_source=facebook&utm_medium=paid_social&utm_campaign=catalogo_brandeado,https://scalelabs-ar.github.io/euromaglia-catalogo-img/img/9c35302405b62dd5.jpg,Euromaglia,Home > Todos los productos,resto,envio_gratis
29795,27763,Bacha de Cocina Inteligente en Acero Inoxidable 304 con Nanotecnología 80×45 FS-P-800 – Plateado,"Bacha de cocina inteligente multifunción fabricada en acero inoxidable 304 de alta calidad y excelente terminación. Combina durabilidad, funcionalidad y un diseño moderno que eleva el confort y la estética de cualquier cocina o lavadero. Incluye grifería y tres accesorios. (Canasto escurridor para verduras, bandeja y tabla de madera)",in stock,new,525000.00 ARS,420000.00 ARS,https://euromaglia.com.ar/product/bacha-cocina-acero-inoxidable304-nanotecnologia-inteligente-80x45/?attribute_pa_color=plateado&utm_source=facebook&utm_medium=paid_social&utm_campaign=catalogo_brandeado,https://scalelabs-ar.github.io/euromaglia-catalogo-img/img/f40359381dc39c55.jpg,Euromaglia,Home > Todos los productos,resto,envio_gratis
29249,28107,Bañera Tipo Isla Aura – Acrílico Sanitario Anti Rebalse,La bañera tipo isla Aura combina diseño ovalado moderno con acrílico sanitario de alta calidad que conserva el calor del agua por más tiempo. Sistema anti rebalse incluido. Instalación independiente sin necesidad de empotrarse en paredes.,in stock,new,1837500.00 ARS,1470000.00 ARS,https://euromaglia.com.ar/product/banera-aura-acrilico/?attribute_pa_color=blanco&utm_source=facebook&utm_medium=paid_social&utm_campaign=catalogo_brandeado,https://scalelabs-ar.github.io/euromaglia-catalogo-img/img/f51b367a62db2576.jpg,Euromaglia,Home > Bañeras,resto,envio_gratis
29247,28109,Bañera Tipo Isla Helios – La Más Ancha – Anti Rebalse 81cm,La bañera tipo isla Helios es la más ancha de la línea con 81cm de ancho. Diseño ovalado en acrílico sanitario con sistema anti rebalse. Ideal para quienes buscan mayor comodidad y espacio para relajarse.,in stock,new,1837500.00 ARS,1470000.00 ARS,https://euromaglia.com.ar/product/banera-helios-acrilico/?attribute_pa_color=blanco&utm_source=facebook&utm_medium=paid_social&utm_campaign=catalogo_brandeado,https://scalelabs-ar.github.io/euromaglia-catalogo-img/img/765e08576b5c32ce.jpg,Euromaglia,Home > Bañeras,resto,envio_gratis
29248,28106,Bañera Tipo Isla Iris – Diseño Rectangular Moderno,La bañera tipo isla Iris es la única rectangular de la línea. Su diseño moderno y recto se adapta perfectamente a baños contemporáneos. Fabricada en acrílico sanitario que conserva el calor del agua por más tiempo.,in stock,new,1968750.00 ARS,1575000.00 ARS,https://euromaglia.com.ar/product/banera-iris-acrilico/?attribute_pa_color=blanco&utm_source=facebook&utm_medium=paid_social&utm_campaign=catalogo_brandeado,https://scalelabs-ar.github.io/euromaglia-catalogo-img/img/d76e062391dd9b25.jpg,Euromaglia,Home > Bañeras,resto,envio_gratis
29246,28108,Bañera Tipo Isla Kronos – Respaldo Alto y Anti Rebalse,La bañera tipo isla Kronos es la más alta de la línea con hasta 73cm de alto. Su figura ovalada con respaldo alto garantiza mayor comodidad y soporte. Acrílico sanitario con sistema anti rebalse incluido.,out of stock,new,1837500.00 ARS,1470000.00 ARS,https://euromaglia.com.ar/product/banera-kronos-en-acrilico-anti-rebalse/?attribute_pa_color=blanco&utm_source=facebook&utm_medium=paid_social&utm_campaign=catalogo_brandeado,https://scalelabs-ar.github.io/euromaglia-catalogo-img/img/96f31ade47ba43f7.jpg,Euromaglia,Home > Bañeras,resto,envio_gratis
28595,27793,Columna De Ducha Gris Metalizado 4 Funciones,"Disfruta de elegancia y tecnología en tu baño. Ducha inteligente con diseño moderno, pantalla digital y control de temperatura constante. Instalación sencilla y adaptable a cualquier espacio.",in stock,new,551250.00 ARS,441000.00 ARS,https://euromaglia.com.ar/product/columna-ducha-gris-metalizado-4-funciones-euromaglia-home/?attribute_pa_color=gris-metalizado&utm_source=facebook&utm_medium=paid_social&utm_campaign=catalogo_brandeado,https://scalelabs-ar.github.io/euromaglia-catalogo-img/img/4dd27c17d41b8e6d.jpg,Euromaglia,Home > Duchas,resto,envio_gratis
29790,29711,Columna De Ducha Inteligente Alya – Estilo Escocesa – Cromo,"Ducha inteligente con diseño impactante. Cabezal en forma de aro y tres regaderas: dos con efecto escocés con luces LED y una desmontable. Una experiencia moderna, combinando tecnología, confort y estilo, transformando tu baño.",in stock,new,1443750.00 ARS,1155000.00 ARS,https://euromaglia.com.ar/product/columna-de-ducha-inteligente-alya-estilo-escocesa/?attribute_pa_color=cromo&utm_source=facebook&utm_medium=paid_social&utm_campaign=catalogo_brandeado,https://scalelabs-ar.github.io/euromaglia-catalogo-img/img/c1b7edb97ae222b1.jpg,Euromaglia,Home > Duchas,resto,envio_gratis
29714,29711,Columna De Ducha Inteligente Alya – Estilo Escocesa – Negro,"Ducha inteligente con diseño impactante. Cabezal en forma de aro y tres regaderas: dos con efecto escocés con luces LED y una desmontable. Una experiencia moderna, combinando tecnología, confort y estilo, transformando tu baño.",in stock,new,1443750.00 ARS,1155000.00 ARS,https://euromaglia.com.ar/product/columna-de-ducha-inteligente-alya-estilo-escocesa/?attribute_pa_color=negro&utm_source=facebook&utm_medium=paid_social&utm_campaign=catalogo_brandeado,https://scalelabs-ar.github.io/euromaglia-catalogo-img/img/c1b7edb97ae222b1.jpg,Euromaglia,Home > Duchas,resto,envio_gratis
30665,27791,Columna De Ducha Inteligente Con Pantalla Digital – Cromo,La columna de ducha inteligente cuenta con un cabezal rectangular y una pantalla digital con medidor de temperatura visual. Incluye salida de agua adicional para una experiencia completa.,out of stock,new,328125.00 ARS,262500.00 ARS,https://euromaglia.com.ar/product/columna-ducha-inteligente-con-pantalla-digital-2/?attribute_pa_color=cromo&utm_source=facebook&utm_medium=paid_social&utm_campaign=catalogo_brandeado,https://scalelabs-ar.github.io/euromaglia-catalogo-img/img/2977786ffb4a68ab.jpg,Euromaglia,Home > Duchas,resto,envio_gratis
28593,27791,Columna De Ducha Inteligente Con Pantalla Digital – Gris Metalizado,La columna de ducha inteligente cuenta con un cabezal rectangular y una pantalla digital con medidor de temperatura visual. Incluye salida de agua adicional para una experiencia completa.,in stock,new,328125.00 ARS,262500.00 ARS,https://euromaglia.com.ar/product/columna-ducha-inteligente-con-pantalla-digital-2/?attribute_pa_color=gris-metalizado&utm_source=facebook&utm_medium=paid_social&utm_campaign=catalogo_brandeado,https://scalelabs-ar.github.io/euromaglia-catalogo-img/img/2977786ffb4a68ab.jpg,Euromaglia,Home > Duchas,resto,envio_gratis
29781,27790,Columna De Ducha Inteligente Con Pantalla Digital – Oferta Especial – Cromo,"La columna de ducha inteligente cuenta con un cabezal rectangular dotado de una pantalla digital que muestra la temperatura del agua , garantizando una ducha perfecta. Su diseño incluye una salida de agua adicional para una experiencia integral .",out of stock,new,300000.00 ARS,250000.00 ARS,https://euromaglia.com.ar/product/columna-ducha-inteligente-con-pantalla-digital/?attribute_pa_color=cromo&utm_source=facebook&utm_medium=paid_social&utm_campaign=catalogo_brandeado,https://scalelabs-ar.github.io/euromaglia-catalogo-img/img/fde5279e0099a304.jpg,Euromaglia,Home > Duchas,resto,envio_gratis
28590,27790,Columna De Ducha Inteligente Con Pantalla Digital – Oferta Especial – Gris Metalizado,"La columna de ducha inteligente cuenta con un cabezal rectangular dotado de una pantalla digital que muestra la temperatura del agua , garantizando una ducha perfecta. Su diseño incluye una salida de agua adicional para una experiencia integral .",out of stock,new,300000.00 ARS,250000.00 ARS,https://euromaglia.com.ar/product/columna-ducha-inteligente-con-pantalla-digital/?attribute_pa_color=gris-metalizado&utm_source=facebook&utm_medium=paid_social&utm_campaign=catalogo_brandeado,https://scalelabs-ar.github.io/euromaglia-catalogo-img/img/52572ad48e73132a.jpg,Euromaglia,Home > Duchas,resto,envio_gratis
28588,27788,Columna De Ducha Inteligente – Estilo Escocesa,"Ducha inteligente con diseño impactante. Cabezal en forma de aro con luces LED y tres regaderas: dos con efecto escocés y una desmontable. Una experiencia moderna, combinando tecnología , confort y estilo , transformando tu baño.",in stock,new,1548750.00 ARS,1239000.00 ARS,https://euromaglia.com.ar/product/columna-ducha-inteligente-estilo-escocesa-modelo-1440-2/?attribute_pa_color=gris-metalizado&utm_source=facebook&utm_medium=paid_social&utm_campaign=catalogo_brandeado,https://scalelabs-ar.github.io/euromaglia-catalogo-img/img/b1dbfa1019fd04c5.jpg,Euromaglia,Home > Duchas,resto,envio_gratis
29791,27787,Columna de Ducha Inteligente – Estilo Escocesa – Modelo 1090 – Cromo,"Ducha inteligente con diseño de impacto. Cabezal en forma de aro con luces LED y tres regaderas: dos con efecto escocés y una desmontable. Combinación perfecta entre tecnología, confort y estilo. Una experiencia moderna que transforma tu baño.",in stock,new,1548750.00 ARS,1239000.00 ARS,https://euromaglia.com.ar/product/columna-ducha-inteligente-estilo-escocesa-modelo-1440/?attribute_pa_color=cromo&utm_source=facebook&utm_medium=paid_social&utm_campaign=catalogo_brandeado,https://scalelabs-ar.github.io/euromaglia-catalogo-img/img/da0b175611b5403d.jpg,Euromaglia,Home > Duchas,resto,envio_gratis
28548,27787,Columna de Ducha Inteligente – Estilo Escocesa – Modelo 1090 – Negro,"Ducha inteligente con diseño de impacto. Cabezal en forma de aro con luces LED y tres regaderas: dos con efecto escocés y una desmontable. Combinación perfecta entre tecnología, confort y estilo. Una experiencia moderna que transforma tu baño.",in stock,new,1548750.00 ARS,1239000.00 ARS,https://euromaglia.com.ar/product/columna-ducha-inteligente-estilo-escocesa-modelo-1440/?attribute_pa_color=negro&utm_source=facebook&utm_medium=paid_social&utm_campaign=catalogo_brandeado,https://scalelabs-ar.github.io/euromaglia-catalogo-img/img/da0b175611b5403d.jpg,Euromaglia,Home > Duchas,resto,envio_gratis
29245,28114,Ducha Galene Premium Cromado Latón,"Añadí lujo contemporaneo y funcionalidad a tu oasis de relajación con la ducha Galene, será el complemento perfecto para tu bañera exenta o hidromasaje. Su sofisticado acabado cromado y su construcción premium la convierten en la pieza central de cualquier baño moderno.",in stock,new,669375.00 ARS,535500.00 ARS,https://euromaglia.com.ar/product/ducha-galene-cromo/?attribute_pa_color=cromo&utm_source=facebook&utm_medium=paid_social&utm_campaign=catalogo_brandeado,https://scalelabs-ar.github.io/euromaglia-catalogo-img/img/a9b9e14e67ca7600.jpg,Euromaglia,Home > Bañeras,resto,envio_gratis
29244,28113,Ducha Galene Premium Gris Oscuro Latón,"Añadí lujo contemporaneo y funcionalidad a tu oasis de relajación con la grifería Galene, será el complemento perfecto para tu bañera exenta o jacuzzi. Su sofisticado acabado gris oscuro y su construcción premium la convierten en la pieza central de cualquier baño moderno.",in stock,new,669375.00 ARS,535500.00 ARS,https://euromaglia.com.ar/product/ducha-galene-gun-grey/?utm_source=facebook&utm_medium=paid_social&utm_campaign=catalogo_brandeado,https://scalelabs-ar.github.io/euromaglia-catalogo-img/img/17cc6759c325f96b.jpg,Euromaglia,Home > Bañeras,resto,envio_gratis
28583,27784,Ducha Inteligente Con Columna Premium Estilo Escocesa,La ducha inteligente redefine tu baño con un diseño innovador y funcional. Incluye un cabezal en forma de aro y tres regaderas : dos con efecto ducha escocesa y una desmontable. ¡Modernidad y estilo en una experiencia única!,in stock,new,1955625.00 ARS,1564500.00 ARS,https://euromaglia.com.ar/product/ducha-inteligente-columna-premium-estilo-escocesa/?attribute_pa_color=gris-metalizado&utm_source=facebook&utm_medium=paid_social&utm_campaign=catalogo_brandeado,https://scalelabs-ar.github.io/euromaglia-catalogo-img/img/3773e29e260607de.jpg,Euromaglia,Home > Duchas,resto,envio_gratis
28586,27786,Ducha Inteligente Con Estante – Oferta Imperdible,"Transforma tu baño con esta columna de ducha moderna , sin pilas: se alimenta con la energía del agua. Incluye display digital, estante integrado , mezclador para agua fría/caliente y ducha de mano que ofrece innovación y estilo.",in stock,new,1109063.00 ARS,887250.00 ARS,https://euromaglia.com.ar/product/ducha-inteligente-regadera-desmontable-y-estante-2/?attribute_pa_color=gris-metalizado&utm_source=facebook&utm_medium=paid_social&utm_campaign=catalogo_brandeado,https://scalelabs-ar.github.io/euromaglia-catalogo-img/img/70f24672ebe54008.jpg,Euromaglia,Home > Duchas,resto,envio_gratis
28552,27789,Ducha Inteligente Con Tres Regaderas Y Botonera,"Tecnología y confort en cada gota. Ducha con dos funciones: lluvia suave, chorro de masaje. Incluye opción de ducha escocesa, panel digital para ajustar la temperatura en tiempo real y diseño minimalista de fácil instalación. Precisión, estilo y bienestar en una sola experiencia.",in stock,new,656250.00 ARS,525000.00 ARS,https://euromaglia.com.ar/product/ducha-inteligente-con-tres-regaderas-y-botonera/?attribute_pa_color=gris-metalizado&utm_source=facebook&utm_medium=paid_social&utm_campaign=catalogo_brandeado,https://scalelabs-ar.github.io/euromaglia-catalogo-img/img/48d1a2fa0ee126d9.jpg,Euromaglia,Home > Duchas,resto,envio_gratis
28594,27794,Ducha Inteligente Con Tres Regaderas – Oferta Imperdible,Tecnología y confort en cada gota. Disfruta de la opción de ducha escocesa y ajusta la temperatura en tiempo real con su panel digital. Diseño minimalista de fácil instalación. Precisión y bienestar en una experiencia única.,in stock,new,498750.00 ARS,399000.00 ARS,https://euromaglia.com.ar/product/ducha-inteligente-con-tres-regaderas-y-botonera-2/?attribute_pa_color=gris-metalizado&utm_source=facebook&utm_medium=paid_social&utm_campaign=catalogo_brandeado,https://scalelabs-ar.github.io/euromaglia-catalogo-img/img/07eb9fa15a0bd31f.jpg,Euromaglia,Home > Duchas,resto,envio_gratis
29697,29684,Ducha Inteligente Hyron – Grifería Desmontable – Luces LED,"Ducha inteligente con LED, y 1 grifo desmontable. Tecnología y diseño en un solo producto para transformar tu baño en un spa premium.",in stock,new,853125.00 ARS,682500.00 ARS,https://euromaglia.com.ar/product/ducha-inteligente-hyron-griferia-desmontable-luces-led/?attribute_pa_color=gris-metalizado&utm_source=facebook&utm_medium=paid_social&utm_campaign=catalogo_brandeado,https://scalelabs-ar.github.io/euromaglia-catalogo-img/img/8ca3b6a6ea6a2dcb.jpg,Euromaglia,Home > Duchas,resto,envio_gratis
29682,29678,Ducha Inteligente Imperia – Luz LED – Pantalla Digital,"Ducha inteligente con luces LED y diseño moderno en negro mate. Incluye cabezal de lluvia, ducha de mano y estante incorporado para mayor comodidad. Su iluminación LED realza la estética del baño y aporta un estilo premium y futurista.",in stock,new,1030313.00 ARS,824250.00 ARS,https://euromaglia.com.ar/product/ducha-inteligente-imperia-luz-led-pantalla-digital/?attribute_pa_color=gris-metalizado&utm_source=facebook&utm_medium=paid_social&utm_campaign=catalogo_brandeado,https://scalelabs-ar.github.io/euromaglia-catalogo-img/img/94ec9e31e066de02.jpg,Euromaglia,Home > Duchas,resto,envio_gratis
29718,29698,Ducha Inteligente Lumia – Grifería Desmontable,Ducha cromada de diseño minimalista con salida de agua suave y relajante. Incluye ducha de mano y estante integrado para mayor practicidad sin perder estilo. Una opción sofisticada que suma elegancia y modernidad a tu baño.,in stock,new,853125.00 ARS,682500.00 ARS,https://euromaglia.com.ar/product/ducha-inteligente-lumia-griferia-desmontable/?attribute_pa_color=cromo&utm_source=facebook&utm_medium=paid_social&utm_campaign=catalogo_brandeado,https://scalelabs-ar.github.io/euromaglia-catalogo-img/img/b9e4cb7bf644c887.jpg,Euromaglia,Home > Duchas,resto,envio_gratis
29695,29691,Ducha Inteligente Sensia – Bluetooth Parlante Incluido – Luces LED,"Ducha inteligente con iluminación LED azul. Incluye bluetooth parlante incluido, ducha de mano y grifo, combinando tecnología y diseño para un baño moderno y exclusivo.",in stock,new,853125.00 ARS,682500.00 ARS,https://euromaglia.com.ar/product/ducha-inteligente-sensia-bluetooth-parlante-incluido-luces-led/?attribute_pa_color=gris-metalizado&utm_source=facebook&utm_medium=paid_social&utm_campaign=catalogo_brandeado,https://scalelabs-ar.github.io/euromaglia-catalogo-img/img/df496337dd2bcc2d.jpg,Euromaglia,Home > Duchas,resto,envio_gratis
28550,27785,Ducha Inteligente con Regadera Desmontable Y Estante FA-1060-B,"Llevá tu baño al siguiente nivel. Columna de ducha moderna que funciona con la energía del agua —sin pilas ni enchufes— para una instalación simple y rápida. Incluye display digital de temperatura y tiempo, estante integrado, mezclador para agua fría/caliente y ducha de mano. Diseño inteligente que une innovación, confort y estilo.",in stock,new,1109063.00 ARS,887250.00 ARS,https://euromaglia.com.ar/product/ducha-inteligente-regadera-desmontable-y-estante/?attribute_pa_color=negro&utm_source=facebook&utm_medium=paid_social&utm_campaign=catalogo_brandeado,https://scalelabs-ar.github.io/euromaglia-catalogo-img/img/091d7dd47eeec5af.jpg,Euromaglia,Home > Duchas,resto,envio_gratis
29585,29584,Ducha Serene Premium Cromo – Latón,"Sumá estilo moderno y confort a tu momento de relax con la grifería para tina Serene. Diseñada para realzar cualquier bañera exenta o jacuzzi, combina líneas minimalistas con un acabado gris oscuro de alto nivel. Su construcción premium la transforma en un detalle protagonista que eleva instantáneamente la estética de tu baño.",in stock,new,669375.00 ARS,535500.00 ARS,https://euromaglia.com.ar/product/ducha-serene-premium-cromo-laton/?attribute_pa_color=cromo&utm_source=facebook&utm_medium=paid_social&utm_campaign=catalogo_brandeado,https://scalelabs-ar.github.io/euromaglia-catalogo-img/img/bc737176e7442296.jpg,Euromaglia,Home > Bañeras,resto,envio_gratis
29579,29578,Ducha Serene Premium Gris Oscuro Latón,"Sumá estilo moderno y confort a tu momento de relax con la grifería para tina Serene. Diseñada para realzar cualquier bañera exenta o jacuzzi, combina líneas minimalistas con un acabado gris oscuro de alto nivel. Su construcción premium la transforma en un detalle protagonista que eleva instantáneamente la estética de tu baño.",in stock,new,669375.00 ARS,535500.00 ARS,https://euromaglia.com.ar/product/ducha-serene-premium-gris-oscuro-laton/?attribute_pa_color=gris-oscuro&utm_source=facebook&utm_medium=paid_social&utm_campaign=catalogo_brandeado,https://scalelabs-ar.github.io/euromaglia-catalogo-img/img/f75a578c49b2bebe.jpg,Euromaglia,Home > Bañeras,resto,envio_gratis
29789,29543,Ducha inteligente Tron – Luces LED – Función estilo escocesa – Cromo,"Ducha inteligente de diseño moderno con aro LED y triple salida de agua. Incluye dos regaderas efecto escocés y una ducha de mano desmontable. Tecnología, confort y estilo para transformar tu baño en una experiencia premium.",in stock,new,1109063.00 ARS,887250.00 ARS,https://euromaglia.com.ar/product/ducha-inteligente-luces-led-funcion-estilo-escocesa/?attribute_pa_color=cromo&utm_source=facebook&utm_medium=paid_social&utm_campaign=catalogo_brandeado,https://scalelabs-ar.github.io/euromaglia-catalogo-img/img/ebeb060a8d317883.jpg,Euromaglia,Home > Duchas,resto,envio_gratis
29562,29543,Ducha inteligente Tron – Luces LED – Función estilo escocesa – Negro,"Ducha inteligente de diseño moderno con aro LED y triple salida de agua. Incluye dos regaderas efecto escocés y una ducha de mano desmontable. Tecnología, confort y estilo para transformar tu baño en una experiencia premium.",in stock,new,1109063.00 ARS,887250.00 ARS,https://euromaglia.com.ar/product/ducha-inteligente-luces-led-funcion-estilo-escocesa/?attribute_pa_color=negro&utm_source=facebook&utm_medium=paid_social&utm_campaign=catalogo_brandeado,https://scalelabs-ar.github.io/euromaglia-catalogo-img/img/ebeb060a8d317883.jpg,Euromaglia,Home > Duchas,resto,envio_gratis
28573,27777,Grifería Canilla Monocomando Fría/Caliente – Oferta Imperdible,"Este grifo monomando para agua fría y caliente es la opción perfecta para quienes buscan un diseño elegante y funcional. Su manija permite un ajuste sencillo entre agua fría y caliente, ofreciendo control preciso y adaptabilidad.",in stock,new,116813.00 ARS,93450.00 ARS,https://euromaglia.com.ar/product/grifera-canilla-monocomando-fra-caliente-modelo-corto-2/?attribute_pa_color=gris-metalizado&utm_source=facebook&utm_medium=paid_social&utm_campaign=catalogo_brandeado,https://scalelabs-ar.github.io/euromaglia-catalogo-img/img/eb92608ce7c8fb19.jpg,Euromaglia,Home > Griferías,resto,envio_gratis
28577,27780,Grifería Euromaglia Home 31114 Monocomando Bidet,Transforma tu baño en un espacio elegante y moderno con este complemento perfecto. Su diseño geométrico único y acabado impecable elevan el valor estético. Ajuste sencillo para un control preciso de agua caliente y fría.,in stock,new,122063.00 ARS,97650.00 ARS,https://euromaglia.com.ar/product/griferia-euromaglia-home-31114-monocomando-bidet/?attribute_pa_color=cromo&utm_source=facebook&utm_medium=paid_social&utm_campaign=catalogo_brandeado,https://scalelabs-ar.github.io/euromaglia-catalogo-img/img/f6c2748dcc358ee6.jpg,Euromaglia,Home > Griferías,resto,envio_gratis
28539,27781,Grifería Euromaglia Home Bidet Monocomando – Oferta Imperdible,Transforma tu baño con esta elegante grifería Euromaglia. Su diseño geométrico y acabado impecable elevan el valor estético de cualquier ambiente. Ajusta fácilmente entre agua fría y caliente con su manija de control preciso.,in stock,new,122063.00 ARS,97650.00 ARS,https://euromaglia.com.ar/product/griferia-euromaglia-home-31114-monocomando-bidet-2/?attribute_pa_color=gris-metalizado&utm_source=facebook&utm_medium=paid_social&utm_campaign=catalogo_brandeado,https://scalelabs-ar.github.io/euromaglia-catalogo-img/img/a89f06c81f71bd3f.jpg,Euromaglia,Home > Griferías,resto,envio_gratis
29813,27771,Grifería Inteligente Desmontable Con Cascada Digital FC-2008-JYC-C,"Descubre la tecnología de última generación en tu cocina con nuestra grifería de acero inoxidable 304. Incorpora una pantalla digital para mostrar la temperatura del agua en tiempo real, con sistema de cascada y 3 modos de regadera para una experiencia eficiente y cómoda. Funcionalidad y estilo en uno.",in stock,new,341250.00 ARS,273000.00 ARS,https://euromaglia.com.ar/product/griferia-inteligente-desmontable-tablero-digital-y-cascada/?attribute_pa_color=cromo&utm_source=facebook&utm_medium=paid_social&utm_campaign=catalogo_brandeado,https://scalelabs-ar.github.io/euromaglia-catalogo-img/img/17771ce3b135abeb.jpg,Euromaglia,Home > Griferías,resto,envio_gratis
29812,27770,Grifería Inteligente Desmontable Con Cascada y Digital,Descubre la última generación en grifería. Fabricada en acero inoxidable 304 con pantalla digital para mostrar la temperatura del agua. Incluye sistema de cascada y 3 modos de regadera para máxima comodidad .,in stock,new,341250.00 ARS,273000.00 ARS,https://euromaglia.com.ar/product/griferia-inteligente-desmontable-tablero-digital-y-cascada-2/?attribute_pa_color=gris-metalizado&utm_source=facebook&utm_medium=paid_social&utm_campaign=catalogo_brandeado,https://scalelabs-ar.github.io/euromaglia-catalogo-img/img/37f1fb91becb8451.jpg,Euromaglia,Home > Griferías,resto,envio_gratis
28559,27766,Grifería Inteligente Desmontable Con Oferta Exclusiva,"Transforma tu cocina con esta grifería inteligente . Fabricada en acero inoxidable 304, combina diseño con confort. Incluye un medidor digital de temperatura y tres tipos de chorro , haciéndola elegante y segura.",in stock,new,334688.00 ARS,267750.00 ARS,https://euromaglia.com.ar/product/griferia-inteligente-desmontable-tablero-digital-3-funciones-2/?attribute_pa_color=gris-metalizado&utm_source=facebook&utm_medium=paid_social&utm_campaign=catalogo_brandeado,https://scalelabs-ar.github.io/euromaglia-catalogo-img/img/e96df15e486a1ee9.jpg,Euromaglia,Home > Griferías,resto,envio_gratis
28560,27768,Grifería Inteligente Desmontable Con Tablero Digital – Oferta Imperdible,"Tecnología de última generación para tu cocina. Grifería de acero inoxidable con pantalla digital que muestra la temperatura del agua en tiempo real. Incluye sistema de lluvia en cascada y 3 modos de regadera para cada tarea. Funcionalidad, estilo y control en un solo producto.",in stock,new,341250.00 ARS,273000.00 ARS,https://euromaglia.com.ar/product/griferia-inteligente-desmontable-tablero-digital-y-lluvia-2/?attribute_pa_color=gris-metalizado&utm_source=facebook&utm_medium=paid_social&utm_campaign=catalogo_brandeado,https://scalelabs-ar.github.io/euromaglia-catalogo-img/img/a288ae92731dc821.jpg,Euromaglia,Home > Griferías,resto,envio_gratis
28558,27767,Grifería Inteligente Desmontable Con Tablero Digital – Oferta Imperdible,"Experimenta la tecnología transformadora con nuestra grifería moderna. Fabricada en acero inoxidable 304 , este grifo ofrece un medidor digital de temperatura y tres tipos de chorro para una vida más fácil. ¡Diseño y confort para tu cocina!",in stock,new,334688.00 ARS,267750.00 ARS,https://euromaglia.com.ar/product/griferia-inteligente-desmontable-tablero-digital-3-funciones/?attribute_pa_color=cromo&utm_source=facebook&utm_medium=paid_social&utm_campaign=catalogo_brandeado,https://scalelabs-ar.github.io/euromaglia-catalogo-img/img/7a7a02932f2167ea.jpg,Euromaglia,Home > Griferías,resto,envio_gratis
28562,27773,Grifería Inteligente Giratoria Monocomando FB-K16-C – Oferta Imperdible,"La moderna Grifería Inteligente ofrece un diseño cómodo y práctico para facilitar la limpieza. Cuenta con caño giratorio y rociador extraíble, además de una pantalla digital para controlar la temperatura del agua con precisión.",in stock,new,236250.00 ARS,189000.00 ARS,https://euromaglia.com.ar/product/griferia-inteligente-giratoria-monocomando-desmontable/?attribute_pa_color=cromo&utm_source=facebook&utm_medium=paid_social&utm_campaign=catalogo_brandeado,https://scalelabs-ar.github.io/euromaglia-catalogo-img/img/41d8f4d78dfd0d42.jpg,Euromaglia,Home > Griferías,resto,envio_gratis
28564,27772,Grifería Inteligente Giratoria Monocomando FB-K16-Q,Descubre la grifería inteligente con diseño moderno que facilitará la limpieza de tu bacha. Incluye caño giratorio y rociador extraíble junto a una pantalla digital para controlar la temperatura. Eficiencia y comodidad en un solo producto.,in stock,new,236250.00 ARS,189000.00 ARS,https://euromaglia.com.ar/product/griferia-inteligente-giratoria-monocomando-desmontable-2/?attribute_pa_color=gris-metalizado&utm_source=facebook&utm_medium=paid_social&utm_campaign=catalogo_brandeado,https://scalelabs-ar.github.io/euromaglia-catalogo-img/img/d8f32900c4707548.jpg,Euromaglia,Home > Griferías,resto,envio_gratis
28568,27775,Grifería Monocomando Desmontable FB-3013-GG – Envío A Todo El País,"Su diseño moderno y elegante se adapta a cualquier estilo de cocina o baño, aportando estética y practicidad . Cuenta con un rociador extraíble de flujo suave o intenso adecuado para diversas necesidades, y una pantalla digital para medir la temperatura .",in stock,new,236250.00 ARS,189000.00 ARS,https://euromaglia.com.ar/product/griferia-monocomando-desmontable-con-tablero-digital/?attribute_pa_color=gris-metalizado&utm_source=facebook&utm_medium=paid_social&utm_campaign=catalogo_brandeado,https://scalelabs-ar.github.io/euromaglia-catalogo-img/img/954efd932eec956e.jpg,Euromaglia,Home > Griferías,resto,envio_gratis
28566,27774,Grifería Monocomando Digital FB-3013-C – Estilo Moderno,"Diseño moderno y elegante que se adapta a cualquier cocina o baño, aportando estética y practicidad. Cuenta con un rociador extraíble para un flujo de agua suave o intenso, ideal para diversas necesidades. Incluye una pantalla digital para medir temperatura.",in stock,new,236250.00 ARS,189000.00 ARS,https://euromaglia.com.ar/product/griferia-monocomando-desmontable-con-tablero-digital-2/?attribute_pa_color=cromo&utm_source=facebook&utm_medium=paid_social&utm_campaign=catalogo_brandeado,https://scalelabs-ar.github.io/euromaglia-catalogo-img/img/678f491da16e8ae5.jpg,Euromaglia,Home > Griferías,resto,envio_gratis
28575,27778,Grifería Monocomando Fría/Caliente Modelo Largo 31112C,"Este grifo monomando es perfecto para quienes buscan diseño elegante y funcionalidad en baño o cocina. Su manija ofrece un ajuste sencillo entre agua fría y caliente, brindando control preciso para tus necesidades.",in stock,new,122063.00 ARS,97650.00 ARS,https://euromaglia.com.ar/product/griferia-canilla-monocomando-fria-caliente-modelo-largo-2/?attribute_pa_color=cromo&utm_source=facebook&utm_medium=paid_social&utm_campaign=catalogo_brandeado,https://scalelabs-ar.github.io/euromaglia-catalogo-img/img/b9f56936e1abdbed.jpg,Euromaglia,Home > Griferías,resto,envio_gratis
28576,27779,Grifería Monocomando Fría/Caliente Oferta Imperdible,"Este grifo monomando para agua fría y caliente es ideal para quienes buscan diseño elegante y funcionalidad en baño o cocina. La manija permite un ajuste sencillo entre temperaturas, ofreciendo control preciso para tus necesidades.",in stock,new,122063.00 ARS,97650.00 ARS,https://euromaglia.com.ar/product/griferia-canilla-monocomando-fria-caliente-modelo-largo/?attribute_pa_color=gris-metalizado&utm_source=facebook&utm_medium=paid_social&utm_campaign=catalogo_brandeado,https://scalelabs-ar.github.io/euromaglia-catalogo-img/img/4c7b5fd88ad34287.jpg,Euromaglia,Home > Griferías,resto,envio_gratis
28574,27776,Grifería Monocomando Modelo 31111C – Oferta Imperdible,"Este grifo monomando para agua fría y caliente es perfecto para un diseño elegante y funcional. Su manija permite un ajuste sencillo entre agua fría y caliente, brindando un control preciso para tus necesidades.",in stock,new,116813.00 ARS,93450.00 ARS,https://euromaglia.com.ar/product/grifera-canilla-monocomando-fra-caliente-modelo-corto/?attribute_pa_color=cromo&utm_source=facebook&utm_medium=paid_social&utm_campaign=catalogo_brandeado,https://scalelabs-ar.github.io/euromaglia-catalogo-img/img/079c12ec408c94b0.jpg,Euromaglia,Home > Griferías,resto,envio_gratis
29242,28111,"Hidromasaje Atenea – 16 Jets, Bluetooth y Parlante – El Más Completo","Sumergite en el lujo y la relajación. Transformá tu baño en un oasis de bienestar con nuestro jacuzzi exclusivo. Diseñado para ofrecerte una experiencia inigualable Incluye luces LED, 1 bomba (Esto permitirá una mejor potencia y un hidromasaje más sentido) Su material es acrilico, lo que hace que su retencion al calor sea destacable y su limpieza se haga más fácil. Medidas Largo: 1,80m Ancho: 1,20m Alto: 62cm",in stock,new,6000000.00 ARS,,https://euromaglia.com.ar/product/jacuzzi-atenea-spa-hidromasaje/?attribute_pa_color=blanco&utm_source=facebook&utm_medium=paid_social&utm_campaign=catalogo_brandeado,https://scalelabs-ar.github.io/euromaglia-catalogo-img/img/4e8b79f6e764f1c7.jpg,Euromaglia,Home > Hidromasajes,resto,envio_gratis
29243,28112,Hidromasaje Nereus – 20 Jets – Modelo Esquinero para Dos Personas,"El hidromasaje Nereus es el único modelo esquinero de la línea, ideal para dos personas. Incluye 20 jets, motor 1.5HP, luces LED y control digital. Capacidad 600L. Perfecto para maximizar el espacio del baño.",in stock,new,5800000.00 ARS,,https://euromaglia.com.ar/product/jacuzzi-nereus-collection-hidromasaje/?attribute_pa_color=blanco&utm_source=facebook&utm_medium=paid_social&utm_campaign=catalogo_brandeado,https://scalelabs-ar.github.io/euromaglia-catalogo-img/img/a9e5c7f644ce01cf.jpg,Euromaglia,Home > Hidromasajes,resto,envio_gratis
29241,28110,Hidromasaje Thalassa – 12 Jets y Motor 0.75HP – Entrega Armado,"El hidromasaje Thalassa incluye 12 jets de masaje, motor 0.75HP, luces LED, control digital y duchador desmontable. Capacidad 400L. Ideal para una persona. Solo necesita conexión 220V. Entrega con motor incluido.",in stock,new,5578125.00 ARS,4462500.00 ARS,https://euromaglia.com.ar/product/jacuzzi-thalassa-essence-hidromasaje/?attribute_pa_color=blanco&utm_source=facebook&utm_medium=paid_social&utm_campaign=catalogo_brandeado,https://scalelabs-ar.github.io/euromaglia-catalogo-img/img/aecda7d8bbf2df36.jpg,Euromaglia,Home > Hidromasajes,resto,envio_gratis
29768,29752,"Mesa Ratona Inteligente TB135 – Heladera, Bluetooth Premium y LED – Blanco","La mesa ratona inteligente TB135 combina heladera integrada de 70L, parlantes Bluetooth premium, iluminación LED y puertos USB en un solo mueble. Ideal para living y sala de estar. Solo necesita tomacorriente 220V.",in stock,new,3412500.00 ARS,2730000.00 ARS,https://euromaglia.com.ar/product/mesa-de-centro-inteligente-con-refrigerador-y-congelador-135-euromaglia/?attribute_pa_color=blanco&utm_source=facebook&utm_medium=paid_social&utm_campaign=catalogo_brandeado,https://scalelabs-ar.github.io/euromaglia-catalogo-img/img/d8ed6b96d040951e.jpg,Euromaglia,Home > Automatismos,resto,envio_gratis
29769,29752,"Mesa Ratona Inteligente TB135 – Heladera, Bluetooth Premium y LED – Negro","La mesa ratona inteligente TB135 combina heladera integrada de 70L, parlantes Bluetooth premium, iluminación LED y puertos USB en un solo mueble. Ideal para living y sala de estar. Solo necesita tomacorriente 220V.",in stock,new,3412500.00 ARS,2730000.00 ARS,https://euromaglia.com.ar/product/mesa-de-centro-inteligente-con-refrigerador-y-congelador-135-euromaglia/?attribute_pa_color=negro&utm_source=facebook&utm_medium=paid_social&utm_campaign=catalogo_brandeado,https://scalelabs-ar.github.io/euromaglia-catalogo-img/img/d8ed6b96d040951e.jpg,Euromaglia,Home > Automatismos,resto,envio_gratis
29772,29771,"Mesa Ratona Inteligente TB90 – Heladera, Freezer y LED – Blanco","La mesa ratona inteligente TB90 con freezer combina heladera de 65L y freezer de 28L integrados, parlantes Bluetooth, iluminación LED y puertos USB. Ideal para living y departamentos. Solo necesita tomacorriente 220V.",in stock,new,3018750.00 ARS,2415000.00 ARS,https://euromaglia.com.ar/product/mesa-de-centro-inteligente-con-refrigerador-y-congelador-90-euromaglia/?attribute_pa_color=blanco&utm_source=facebook&utm_medium=paid_social&utm_campaign=catalogo_brandeado,https://scalelabs-ar.github.io/euromaglia-catalogo-img/img/652c26e030f83b34.jpg,Euromaglia,Home > Automatismos,resto,envio_gratis
29773,29771,"Mesa Ratona Inteligente TB90 – Heladera, Freezer y LED – Negro","La mesa ratona inteligente TB90 con freezer combina heladera de 65L y freezer de 28L integrados, parlantes Bluetooth, iluminación LED y puertos USB. Ideal para living y departamentos. Solo necesita tomacorriente 220V.",in stock,new,3018750.00 ARS,2415000.00 ARS,https://euromaglia.com.ar/product/mesa-de-centro-inteligente-con-refrigerador-y-congelador-90-euromaglia/?attribute_pa_color=negro&utm_source=facebook&utm_medium=paid_social&utm_campaign=catalogo_brandeado,https://scalelabs-ar.github.io/euromaglia-catalogo-img/img/652c26e030f83b34.jpg,Euromaglia,Home > Automatismos,resto,envio_gratis
29802,28098,Mesa de Aluminio para Exterior Ónix – 240cm – Símil Madera Teca,Mesa de aluminio para exterior Ónix de 240x102cm con estructura de tubo de aluminio y terminación símil madera teca oscura. Base con recubrimiento antipolvo color teca oscura. Apta para interior y exterior. Envío gratis.,in stock,new,4833088.00 ARS,3866470.00 ARS,https://euromaglia.com.ar/product/mesa-rectangular-onix/?attribute_pa_color=simil-madera-teca-oscura&utm_source=facebook&utm_medium=paid_social&utm_campaign=catalogo_brandeado,https://scalelabs-ar.github.io/euromaglia-catalogo-img/img/3bbab2d6408584d8.jpg,Euromaglia,Home > Muebles,resto,envio_gratis
29803,28100,Mesa de Exterior Aluminio Tanzanita – 220cm – Símil Madera Teca Clara,Mesa de exterior aluminio Tanzanita de 220x102cm con estructura de tubo de aluminio y terminación símil madera teca clara. Recubrimiento antipolvo. Apta para interior y exterior. Envío gratis.,in stock,new,4807688.00 ARS,3846150.00 ARS,https://euromaglia.com.ar/product/mesa-rectangular-tanzanita/?attribute_pa_color=teca-clara&utm_source=facebook&utm_medium=paid_social&utm_campaign=catalogo_brandeado,https://scalelabs-ar.github.io/euromaglia-catalogo-img/img/93fee36a9548910c.jpg,Euromaglia,Home > Muebles,resto,envio_gratis
29801,28097,Set Muebles de Exterior Premium Ágata BE – Respaldo Ajustable y Madera Natural Tratada – Beige,"El set de muebles de exterior premium Ágata BE incluye 2 asientos con respaldo ajustable y mesa movible integrada, más 2 mesas auxiliares con tablero de madera natural tratada para exterior. Estructura de aluminio de alta resistencia. Almohadones impermeables TPU beige. Envío gratis.",in stock,new,10801875.00 ARS,8641500.00 ARS,https://euromaglia.com.ar/product/set-de-living-exterior-4-piezas-linea-agata-2/?attribute_pa_color=beige&utm_source=facebook&utm_medium=paid_social&utm_campaign=catalogo_brandeado,https://scalelabs-ar.github.io/euromaglia-catalogo-img/img/31a696e77375b8d5.jpg,Euromaglia,Home > Muebles,resto,envio_gratis
30528,28758,"Set Muebles de Exterior Rubí – Sofá, 2 Sillones y Mesa Aluminio","Set de muebles de exterior Rubí MT con sofá de 2 cuerpos, 2 sillones y mesa de centro en aluminio símil madera. Almohadones impermeables TPU. Envío gratis a todo el país.",in stock,new,7650563.00 ARS,6120450.00 ARS,https://euromaglia.com.ar/product/set-de-living-exterior-sofa-y-mesa-linea-rubi/?attribute_color=S%C3%ADmil+madera+teca+oscuro&utm_source=facebook&utm_medium=paid_social&utm_campaign=catalogo_brandeado,https://scalelabs-ar.github.io/euromaglia-catalogo-img/img/c191a7456d7a4565.jpg,Euromaglia,Home > Muebles,resto,envio_gratis
29800,28096,Set Muebles de Exterior Ágata GO – Respaldo Ajustable y Madera Natural Tratada – Gris Oscuro,"El set de muebles de exterior Ágata GO incluye 2 asientos con respaldo ajustable y mesa movible integrada, más 2 mesas auxiliares con tablero de madera natural tratada para exterior. Estructura de aluminio de alta resistencia. Almohadones impermeables TPU grises. Envío gratis.",in stock,new,10801875.00 ARS,8641500.00 ARS,https://euromaglia.com.ar/product/set-de-living-exterior-4-piezas-linea-agata/?attribute_pa_color=gris-oscuro&utm_source=facebook&utm_medium=paid_social&utm_campaign=catalogo_brandeado,https://scalelabs-ar.github.io/euromaglia-catalogo-img/img/ac6f7c23f3a8014f.jpg,Euromaglia,Home > Muebles,resto,envio_gratis
29806,28103,"Set Muebles de Jardín Exterior Jade BE – Sofá, 2 Sillones y Mesa – Beige","Set de muebles de jardín exterior Jade BE con sofá de 2 cuerpos, 2 sillones y mesa de centro en aluminio color beige. Almohadones con TPU impermeable. Envío gratis a todo el país.",in stock,new,6562500.00 ARS,5250000.00 ARS,https://euromaglia.com.ar/product/set-de-4-piezas-exterior-mesa-y-sofa-linea-jade/?attribute_pa_color=beige&utm_source=facebook&utm_medium=paid_social&utm_campaign=catalogo_brandeado,https://scalelabs-ar.github.io/euromaglia-catalogo-img/img/ff0d6ce29108d45a.jpg,Euromaglia,Home > Muebles,resto,envio_gratis
31730,31729,"Set Muebles de Jardín Exterior Rubí B– Sofá, 2 Sillones y Mesa","Set de muebles de jardín exterior Rubí B con sofá de 2 cuerpos, 2 sillones y mesa de centro en aluminio color negro. Almohadones impermeables TPU blancos. Envío gratis a todo el país.",in stock,new,7650563.00 ARS,6120450.00 ARS,https://euromaglia.com.ar/product/set-muebles-de-jardin-exterior-rubi-b-sofa-2-sillones-y-mesa/?attribute_color=Simil+madera+negro&utm_source=facebook&utm_medium=paid_social&utm_campaign=catalogo_brandeado,https://scalelabs-ar.github.io/euromaglia-catalogo-img/img/1b90001823297dbb.jpg,Euromaglia,Home > Muebles,resto,envio_gratis
30532,28856,"Set Muebles de Jardín Exterior Rubí TN – Sofá, 2 Sillones y Mesa","Set de muebles de jardín exterior Rubí TN con sofá de 2 cuerpos, 2 sillones y mesa de centro en aluminio tono natural. Almohadones impermeables TPU blancos.Envío gratis a todo el país.",in stock,new,7650563.00 ARS,6120450.00 ARS,https://euromaglia.com.ar/product/set-de-living-exterior-sofa-y-mesa-linea-rubi-2/?attribute_color=S%C3%ADmil+madera+tono+natural&utm_source=facebook&utm_medium=paid_social&utm_campaign=catalogo_brandeado,https://scalelabs-ar.github.io/euromaglia-catalogo-img/img/83bf304dcf69c1cb.jpg,Euromaglia,Home > Muebles,resto,envio_gratis
29809,28105,Set Muebles de Jardín Exterior Zafiro BE – Aluminio y Cuerda Olefin – Beige,"Set de muebles de jardín exterior Zafiro BE con sofá de 3 cuerpos, 2 sillones y mesa en aluminio blanco. Tejido en cuerda Olefin beige resistente al exterior. Almohadones beige impermeables TPU de 15cm. Envío gratis.",in stock,new,7192500.00 ARS,5754000.00 ARS,https://euromaglia.com.ar/product/set-de-4-piezas-exterior-mesa-y-sofa-linea-zafiro-2/?attribute_pa_color=beige&utm_source=facebook&utm_medium=paid_social&utm_campaign=catalogo_brandeado,https://scalelabs-ar.github.io/euromaglia-catalogo-img/img/032a0da71087bcd2.jpg,Euromaglia,Home > Muebles,resto,envio_gratis
29798,28771,"Set Sillones de Jardín Jade GO – Sofá, 2 Sillones y Mesa – Gris Oscuro","Set de sillones de jardín Jade GO con sofá de 2 cuerpos, 2 sillones y mesa de centro en aluminio color gris oscuro. Tejido Olefin con TPU impermeable. Envío gratis a todo el país.",in stock,new,6562500.00 ARS,5250000.00 ARS,https://euromaglia.com.ar/product/set-de-4-piezas-exterior-mesa-y-sofa-linea-jade-2/?attribute_pa_color=gris-oscuro&utm_source=facebook&utm_medium=paid_social&utm_campaign=catalogo_brandeado,https://scalelabs-ar.github.io/euromaglia-catalogo-img/img/30f9cc0064628f33.jpg,Euromaglia,Home > Muebles,resto,envio_gratis
29807,28104,Set Sillones de Jardín Zafiro GO – Aluminio y Cuerda Olefin – Patas Símil Madera,"Set de sillones de jardín Zafiro GO con sofá de 3 cuerpos, 2 sillones y mesa en aluminio con patas símil madera. Tejido en cuerda Olefin gris resistente al exterior. Almohadones beige impermeables TPU de 15cm. Envío gratis.",in stock,new,7192500.00 ARS,5754000.00 ARS,https://euromaglia.com.ar/product/set-de-4-piezas-exterior-mesa-y-sofa-linea-zafiro/?attribute_color=Gris+Oscuro&utm_source=facebook&utm_medium=paid_social&utm_campaign=catalogo_brandeado,https://scalelabs-ar.github.io/euromaglia-catalogo-img/img/31046048aafa5c91.jpg,Euromaglia,Home > Muebles,resto,envio_gratis
29804,28101,Silla de Exterior Espinela GO – Aluminio y Mimbre Polietileno – Gris Oscuro,"Silla de exterior Espinela GO con estructura de aluminio gris oscuro y tejido en mimbre de polietileno redondo marrón. Liviana, resistente y apta para interior y exterior. Envío gratis.",in stock,new,484313.00 ARS,387450.00 ARS,https://euromaglia.com.ar/product/silla-de-exterior-coleccion-espinela/?attribute_pa_color=gris-oscuro&utm_source=facebook&utm_medium=paid_social&utm_campaign=catalogo_brandeado,https://scalelabs-ar.github.io/euromaglia-catalogo-img/img/23f17abd9c92bf17.jpg,Euromaglia,Home > Muebles,resto,envio_gratis
29805,28102,Silla de Exterior Espinela M – Aluminio y Mimbre Polietileno – Marrón,"Silla de exterior Espinela M con estructura de aluminio marrón y tejido en mimbre de polietileno redondo gris oscuro. Liviana, resistente y apta para interior y exterior. Envío gratis.",in stock,new,484313.00 ARS,387450.00 ARS,https://euromaglia.com.ar/product/silla-de-exterior-coleccion-espinela-2/?attribute_pa_color=marron&utm_source=facebook&utm_medium=paid_social&utm_campaign=catalogo_brandeado,https://scalelabs-ar.github.io/euromaglia-catalogo-img/img/76a5c196a86f063f.jpg,Euromaglia,Home > Muebles,resto,envio_gratis
